<?xml version="1.0" encoding="UTF-8"?>
<project-private xmlns="http://www.netbeans.org/ns/project-private/1">
    <editor-bookmarks xmlns="http://www.netbeans.org/ns/editor-bookmarks/2" lastBookmarkId="0"/>
    <open-files xmlns="http://www.netbeans.org/ns/projectui-open-files/2">
        <group>
            <file>file:/C:/Users/Ashok/Documents/NetBeansProjects/WebApplication3/src/java/ejb/NewSessionBean.java</file>
            <file>file:/C:/Users/Ashok/Documents/NetBeansProjects/WebApplication3/src/java/bean/managedbean.java</file>
            <file>file:/C:/Users/Ashok/Documents/NetBeansProjects/WebApplication3/src/java/rest/GenericResource.java</file>
            <file>file:/C:/Users/Ashok/Documents/NetBeansProjects/WebApplication3/src/java/ejb/NewSessionBeanLocal.java</file>
            <file>file:/C:/Users/Ashok/Documents/NetBeansProjects/WebApplication3/web/index.xhtml</file>
            <file>file:/C:/Users/Ashok/Documents/NetBeansProjects/WebApplication3/src/java/rest/ApplicationConfig.java</file>
            <file>file:/C:/Users/Ashok/Documents/NetBeansProjects/WebApplication3/src/java/entity/Stud.java</file>
            <file>file:/C:/Users/Ashok/Documents/NetBeansProjects/WebApplication3/web/insert.xhtml</file>
        </group>
    </open-files>
</project-private>
